sampler_label,aggregate_report_count,average,aggregate_report_min,aggregate_report_max,aggregate_report_stddev,aggregate_report_error%,aggregate_report_rate,aggregate_report_bandwidth,average_bytes
/login.php,91020,1049,1,106269,6545.549874734209,0.024994506701823776,100.08708962313945,56.670004303280265,579.7959019995606
/dashboard.php,90852,1094,4,107933,6772.660900352192,0.030786333817637478,99.8847804672108,69.45338894741789,712.0230925020913
/search.php,90683,1058,4,105750,6592.835223390898,0.029277813923227064,99.69558014025962,44.14469422961382,453.4219754529515
TOTAL,272555,1067,1,107933,6637.736088589142,0.02835024123571389,299.632488338678,170.24783134933287,581.8253563500945
