sampler_label,aggregate_report_count,average,aggregate_report_min,aggregate_report_max,aggregate_report_stddev,aggregate_report_error%,aggregate_report_rate,aggregate_report_bandwidth,average_bytes
/login.php,16668,1,1,52,0.8442297843655822,0.0,27.854091884412536,14.677786401411087,539.5994720422366
/dashboard.php,16653,6,4,257,4.396070686037422,0.0,27.82688612248308,18.400526229217142,677.1199183330331
/search.php,16636,5,4,255,3.187174301683566,0.0,27.799083278607437,11.326797975392564,417.23106515989423
TOTAL,49957,4,1,257,3.691392273577764,0.0,83.4768979351762,44.4035137523331,544.6919951157996
